FirstName,LastName,CurrentEmploymentType,CurrentEmploymentTitle,id
Edvard,Vann,Security,Perimeter Control,0
Hideki,Cocinaro,Security,Site Control,1
Stenig,Fusil,Security,Building Control,2
Birgitta,Frente,Engineering,Geologist,3
Sven,Flecha,Information Technology,IT Technician,4
Cornelia,Lais,,,5
Mat,Bramar,,,6
Emile,Arpa,,,7
Rachel,Pantanal,,,8
Ruscella,Mies Haber,,,9
Anda,Ribera,,,10
Carla,Forluniau,,,11
Linda,Lagos,,,12
Dante,Coginian,,,13
Albina,Hafon,Facilities,Truck Driver,14
Cecilia,Morluniau,Facilities,Truck Driver,15
Varro,Awelon,,,16
Henk,Mies,Facilities,Truck Driver,17
Benito,Hawelon,Facilities,Truck Driver,18
Valeria,Morlun,Facilities,Truck Driver,19
Dylan,Scozzese,Facilities,Truck Driver,20
Irene,Nant,Facilities,Truck Driver,21
Adan,Morlun,Facilities,Truck Driver,22
Claudio,Hawelon,Facilities,Truck Driver,23
Linnea,Bergen,Information Technology,IT Group Manager,24
Brand,Tempestad,Engineering,Drill Technician,25
Kare,Orilla,Engineering,Drill Technician,26
Bertrand,Ovan,Facilities,Facilities Group Manager,27
Hennie,Osvaldo,Security,Perimeter Control,28
Nils,Calixto,Information Technology,IT Technician,29
Adra,Nubarron,Engineering,Geologist,30
Lucas,Alcazar,Information Technology,IT Helpdesk,31
Varja,Lagos,Security,Badging Office,32
Inga,Ferro,Security,Site Control,33
Lidelse,Dedos,Engineering,Engineering Group Manager,34
Loreto,Bodrogi,Security,Site Control,35
Minke,Mies,Security,Perimeter Control,36
Felix,Resumir,Security,Security Group Manager,37
Kanon,Herrero,Security,Badging Office,38
Lars,Azada,Engineering,Engineer,39
Felix,Balas,Engineering,Engineer,40
Ingrid,Barranco,Executive,SVP/CFO,41
Isak,Baza,Information Technology,IT Technician,42
Isande,Borrasca,Engineering,Drill Technician,43
Axel,Calzas,Engineering,Drill Technician,44
Ada,Campo-Corrente,Executive,SVP/CIO,45
Gustav,Cazar,Engineering,Hydraulic Technician,46
Vira,Frente,Engineering,Hydraulic Technician,47
Elsa,Orilla,Engineering,Drill Technician,48
Orhan,Strum,Executive,SVP/COO,49
Willem,Vasco-Pais,Executive,Environmental Safety Advisor,50
Isia,Vann,Security,Perimeter Control,51
Marin,Onda,Engineering,Drill Site Manager,52
Sten,Sanjorge Jr.,Executive,President/CEO,53
,,,,54
,,,,55
,,,,56
,,,,57
,,,,58
